SURVEYDATE,HAULOUTSITE,HG,PV,HGORPV,TOTALSEALS,HAULOUTSITECODE,HAULOUTAREA,HAULOUTAREACODE,LAT,LON
1/30/2014,Bug Light (Duxbury Light),0,0,0,0,17,Plymouth,8,41.99,-70.64833333
2/25/2014,Bug Light (Duxbury Light),0,8,0,8,17,Plymouth,8,41.99,-70.64833333
3/28/2014,Bug Light (Duxbury Light),0,0,0,0,17,Plymouth,8,41.99,-70.64833333
4/14/2014,Bug Light (Duxbury Light),0,0,0,0,17,Plymouth,8,41.99,-70.64833333
5/13/2014,Bug Light (Duxbury Light),0,0,0,0,17,Plymouth,8,41.99,-70.64833333
6/11/2014,Bug Light (Duxbury Light),0,0,0,0,17,Plymouth,8,41.99,-70.64833333
7/10/2014,Bug Light (Duxbury Light),0,0,0,0,17,Plymouth,8,41.99,-70.64833333
8/8/2014,Bug Light (Duxbury Light),0,0,0,0,17,Plymouth,8,41.99,-70.64833333
9/5/2014,Bug Light (Duxbury Light),0,0,0,0,17,Plymouth,8,41.99,-70.64833333
10/6/2014,Bug Light (Duxbury Light),0,0,0,0,17,Plymouth,8,41.99,-70.64833333
11/4/2014,Bug Light (Duxbury Light),0,0,0,0,17,Plymouth,8,41.99,-70.64833333
12/2/2014,Bug Light (Duxbury Light),0,5,0,5,17,Plymouth,8,41.99,-70.64833333
2/1/2015,Bug Light (Duxbury Light),0,0,0,0,17,Plymouth,8,41.99,-70.64833333
2/24/2015,Bug Light (Duxbury Light),0,0,0,0,17,Plymouth,8,41.99,-70.64833333
3/24/2015,Bug Light (Duxbury Light),0,9,0,9,17,Plymouth,8,41.99,-70.64833333
4/15/2015,Bug Light (Duxbury Light),0,0,0,0,17,Plymouth,8,41.99,-70.64833333
5/13/2015,Bug Light (Duxbury Light),0,0,0,0,17,Plymouth,8,41.99,-70.64833333
6/10/2015,Bug Light (Duxbury Light),0,0,0,0,17,Plymouth,8,41.99,-70.64833333
7/29/2015,Bug Light (Duxbury Light),0,0,0,0,17,Plymouth,8,41.99,-70.64833333
8/26/2015,Bug Light (Duxbury Light),0,0,0,0,17,Plymouth,8,41.99,-70.64833333
9/24/2015,Bug Light (Duxbury Light),0,0,0,0,17,Plymouth,8,41.99,-70.64833333
10/24/2015,Bug Light (Duxbury Light),0,0,0,0,17,Plymouth,8,41.99,-70.64833333
11/7/2015,Bug Light (Duxbury Light),0,0,0,0,17,Plymouth,8,41.99,-70.64833333
12/7/2015,Bug Light (Duxbury Light),0,0,0,0,17,Plymouth,8,41.99,-70.64833333
1/30/2014,Chatham Harbor,0,45,0,45,13,Chatham,6,41.68333333,-69.94166667
2/25/2014,Chatham Harbor,0,936,0,936,13,Chatham,6,41.68333333,-69.94166667
3/28/2014,Chatham Harbor,0,666,0,666,13,Chatham,6,41.68333333,-69.94166667
4/14/2014,Chatham Harbor,0,511,0,511,13,Chatham,6,41.68333333,-69.94166667
5/13/2014,Chatham Harbor,0,65,0,65,13,Chatham,6,41.68333333,-69.94166667
6/11/2014,Chatham Harbor,387,0,2,389,13,Chatham,6,41.68333333,-69.94166667
7/10/2014,Chatham Harbor,1173,0,0,1173,13,Chatham,6,41.68333333,-69.94166667
8/8/2014,Chatham Harbor,207,0,0,207,13,Chatham,6,41.68333333,-69.94166667
9/5/2014,Chatham Harbor,831,0,0,831,13,Chatham,6,41.68333333,-69.94166667
10/6/2014,Chatham Harbor,77,0,0,77,13,Chatham,6,41.68333333,-69.94166667
11/4/2014,Chatham Harbor,66,0,4,70,13,Chatham,6,41.68333333,-69.94166667
12/2/2014,Chatham Harbor,0,0,0,0,13,Chatham,6,41.68333333,-69.94166667
2/1/2015,Chatham Harbor,0,115,0,115,13,Chatham,6,41.68333333,-69.94166667
2/24/2015,Chatham Harbor,0,0,0,0,13,Chatham,6,41.68333333,-69.94166667
3/24/2015,Chatham Harbor,0,753,0,753,13,Chatham,6,41.68333333,-69.94166667
4/15/2015,Chatham Harbor,0,485,0,485,13,Chatham,6,41.68333333,-69.94166667
5/13/2015,Chatham Harbor,2,209,0,211,13,Chatham,6,41.68333333,-69.94166667
6/10/2015,Chatham Harbor,719,0,0,719,13,Chatham,6,41.68333333,-69.94166667
7/29/2015,Chatham Harbor,1174,0,0,1174,13,Chatham,6,41.68333333,-69.94166667
8/26/2015,Chatham Harbor,2379,0,0,2379,13,Chatham,6,41.68333333,-69.94166667
9/24/2015,Chatham Harbor,996,2,0,998,13,Chatham,6,41.68333333,-69.94166667
10/24/2015,Chatham Harbor,220,0,0,220,13,Chatham,6,41.68333333,-69.94166667
11/7/2015,Chatham Harbor,133,0,0,133,13,Chatham,6,41.68333333,-69.94166667
12/7/2015,Chatham Harbor,23,388,28,439,13,Chatham,6,41.68333333,-69.94166667
1/30/2014,Cuttyhunk,0,0,0,0,5,Cuttyhunk,2,41.42833333,-70.91666667
2/25/2014,Cuttyhunk,0,0,0,0,5,Cuttyhunk,2,41.42833333,-70.91666667
3/28/2014,Cuttyhunk,0,9,0,9,5,Cuttyhunk,2,41.42833333,-70.91666667
4/14/2014,Cuttyhunk,0,0,0,0,5,Cuttyhunk,2,41.42833333,-70.91666667
5/13/2014,Cuttyhunk,0,0,0,0,5,Cuttyhunk,2,41.42833333,-70.91666667
6/11/2014,Cuttyhunk,0,0,0,0,5,Cuttyhunk,2,41.42833333,-70.91666667
7/10/2014,Cuttyhunk,0,0,0,0,5,Cuttyhunk,2,41.42833333,-70.91666667
8/8/2014,Cuttyhunk,0,0,0,0,5,Cuttyhunk,2,41.42833333,-70.91666667
9/5/2014,Cuttyhunk,0,0,0,0,5,Cuttyhunk,2,41.42833333,-70.91666667
10/6/2014,Cuttyhunk,0,4,0,4,5,Cuttyhunk,2,41.42833333,-70.91666667
11/4/2014,Cuttyhunk,0,33,0,33,5,Cuttyhunk,2,41.42833333,-70.91666667
12/2/2014,Cuttyhunk,0,1,0,1,5,Cuttyhunk,2,41.42833333,-70.91666667
2/1/2015,Cuttyhunk,0,0,0,0,5,Cuttyhunk,2,41.42833333,-70.91666667
2/24/2015,Cuttyhunk,0,0,0,0,5,Cuttyhunk,2,41.42833333,-70.91666667
3/24/2015,Cuttyhunk,0,0,0,0,5,Cuttyhunk,2,41.42833333,-70.91666667
4/15/2015,Cuttyhunk,0,8,0,8,5,Cuttyhunk,2,41.42833333,-70.91666667
5/13/2015,Cuttyhunk,0,4,0,4,5,Cuttyhunk,2,41.42833333,-70.91666667
6/10/2015,Cuttyhunk,0,0,0,0,5,Cuttyhunk,2,41.42833333,-70.91666667
7/29/2015,Cuttyhunk,0,0,0,0,5,Cuttyhunk,2,41.42833333,-70.91666667
8/26/2015,Cuttyhunk,0,0,0,0,5,Cuttyhunk,2,41.42833333,-70.91666667
9/24/2015,Cuttyhunk,0,0,0,0,5,Cuttyhunk,2,41.42833333,-70.91666667
10/24/2015,Cuttyhunk,0,6,0,6,5,Cuttyhunk,2,41.42833333,-70.91666667
11/7/2015,Cuttyhunk,0,3,0,3,5,Cuttyhunk,2,41.42833333,-70.91666667
12/7/2015,Cuttyhunk,0,21,0,21,5,Cuttyhunk,2,41.42833333,-70.91666667
1/30/2014,Ellisville Harbor,0,3,0,3,36,Plymouth,8,41.8401,-70.5322
2/25/2014,Ellisville Harbor,0,0,0,0,36,Plymouth,8,41.8401,-70.5322
3/28/2014,Ellisville Harbor,0,0,0,0,36,Plymouth,8,41.8401,-70.5322
4/14/2014,Ellisville Harbor,0,0,0,0,36,Plymouth,8,41.8401,-70.5322
5/13/2014,Ellisville Harbor,0,0,0,0,36,Plymouth,8,41.8401,-70.5322
6/11/2014,Ellisville Harbor,0,0,0,0,36,Plymouth,8,41.8401,-70.5322
7/10/2014,Ellisville Harbor,0,0,0,0,36,Plymouth,8,41.8401,-70.5322
8/8/2014,Ellisville Harbor,0,0,0,0,36,Plymouth,8,41.8401,-70.5322
9/5/2014,Ellisville Harbor,0,0,0,0,36,Plymouth,8,41.8401,-70.5322
10/6/2014,Ellisville Harbor,0,0,0,0,36,Plymouth,8,41.8401,-70.5322
11/4/2014,Ellisville Harbor,0,0,0,0,36,Plymouth,8,41.8401,-70.5322
12/2/2014,Ellisville Harbor,0,0,0,0,36,Plymouth,8,41.8401,-70.5322
2/1/2015,Ellisville Harbor,0,0,0,0,36,Plymouth,8,41.8401,-70.5322
2/24/2015,Ellisville Harbor,0,0,0,0,36,Plymouth,8,41.8401,-70.5322
3/24/2015,Ellisville Harbor,0,0,0,0,36,Plymouth,8,41.8401,-70.5322
4/15/2015,Ellisville Harbor,0,0,0,0,36,Plymouth,8,41.8401,-70.5322
5/13/2015,Ellisville Harbor,0,0,0,0,36,Plymouth,8,41.8401,-70.5322
6/10/2015,Ellisville Harbor,0,0,0,0,36,Plymouth,8,41.8401,-70.5322
7/29/2015,Ellisville Harbor,0,0,0,0,36,Plymouth,8,41.8401,-70.5322
8/26/2015,Ellisville Harbor,0,0,0,0,36,Plymouth,8,41.8401,-70.5322
9/24/2015,Ellisville Harbor,0,0,0,0,36,Plymouth,8,41.8401,-70.5322
10/24/2015,Ellisville Harbor,0,0,0,0,36,Plymouth,8,41.8401,-70.5322
11/7/2015,Ellisville Harbor,2,10,1,13,36,Plymouth,8,41.8401,-70.5322
12/7/2015,Ellisville Harbor,4,283,0,287,36,Plymouth,8,41.8401,-70.5322
1/30/2014,Grassy Island,0,0,0,0,1,Woods Hole,1,41.52166667,-70.67666667
2/25/2014,Grassy Island,0,21,0,21,1,Woods Hole,1,41.52166667,-70.67666667
3/28/2014,Grassy Island,0,0,0,0,1,Woods Hole,1,41.52166667,-70.67666667
4/14/2014,Grassy Island,0,16,0,16,1,Woods Hole,1,41.52166667,-70.67666667
5/13/2014,Grassy Island,0,0,0,0,1,Woods Hole,1,41.52166667,-70.67666667
6/11/2014,Grassy Island,0,0,0,0,1,Woods Hole,1,41.52166667,-70.67666667
7/10/2014,Grassy Island,0,0,0,0,1,Woods Hole,1,41.52166667,-70.67666667
8/8/2014,Grassy Island,0,0,0,0,1,Woods Hole,1,41.52166667,-70.67666667
9/5/2014,Grassy Island,0,0,0,0,1,Woods Hole,1,41.52166667,-70.67666667
10/6/2014,Grassy Island,0,0,0,0,1,Woods Hole,1,41.52166667,-70.67666667
11/4/2014,Grassy Island,0,13,0,13,1,Woods Hole,1,41.52166667,-70.67666667
12/2/2014,Grassy Island,0,0,0,0,1,Woods Hole,1,41.52166667,-70.67666667
2/1/2015,Grassy Island,0,0,0,0,1,Woods Hole,1,41.52166667,-70.67666667
2/24/2015,Grassy Island,0,0,0,0,1,Woods Hole,1,41.52166667,-70.67666667
3/24/2015,Grassy Island,0,0,0,0,1,Woods Hole,1,41.52166667,-70.67666667
4/15/2015,Grassy Island,1,27,0,28,1,Woods Hole,1,41.52166667,-70.67666667
5/13/2015,Grassy Island,0,2,0,2,1,Woods Hole,1,41.52166667,-70.67666667
6/10/2015,Grassy Island,0,0,0,0,1,Woods Hole,1,41.52166667,-70.67666667
7/29/2015,Grassy Island,0,0,0,0,1,Woods Hole,1,41.52166667,-70.67666667
8/26/2015,Grassy Island,0,0,0,0,1,Woods Hole,1,41.52166667,-70.67666667
9/24/2015,Grassy Island,0,0,0,0,1,Woods Hole,1,41.52166667,-70.67666667
10/24/2015,Grassy Island,0,2,0,2,1,Woods Hole,1,41.52166667,-70.67666667
11/7/2015,Grassy Island,0,0,0,0,1,Woods Hole,1,41.52166667,-70.67666667
12/7/2015,Grassy Island,0,13,0,13,1,Woods Hole,1,41.52166667,-70.67666667
1/30/2014,Great Point Nantucket,725,0,0,725,34,Nantucket,4,41.3922,-70.0508
2/25/2014,Great Point Nantucket,669,1,0,670,34,Nantucket,4,41.3922,-70.0508
3/28/2014,Great Point Nantucket,381,2,4,387,34,Nantucket,4,41.3922,-70.0508
4/14/2014,Great Point Nantucket,630,0,9,639,34,Nantucket,4,41.3922,-70.0508
5/13/2014,Great Point Nantucket,980,0,0,980,34,Nantucket,4,41.3922,-70.0508
6/11/2014,Great Point Nantucket,385,0,39,424,34,Nantucket,4,41.3922,-70.0508
7/10/2014,Great Point Nantucket,146,0,0,146,34,Nantucket,4,41.3922,-70.0508
8/8/2014,Great Point Nantucket,0,0,0,0,34,Nantucket,4,41.3922,-70.0508
9/5/2014,Great Point Nantucket,0,0,0,0,34,Nantucket,4,41.3922,-70.0508
10/6/2014,Great Point Nantucket,17,0,0,17,34,Nantucket,4,41.3922,-70.0508
11/4/2014,Great Point Nantucket,378,0,0,378,34,Nantucket,4,41.3922,-70.0508
12/2/2014,Great Point Nantucket,571,0,0,571,34,Nantucket,4,41.3922,-70.0508
2/1/2015,Great Point Nantucket,1013,0,0,1013,34,Nantucket,4,41.3922,-70.0508
2/24/2015,Great Point Nantucket,753,0,6,759,34,Nantucket,4,41.3922,-70.0508
3/24/2015,Great Point Nantucket,1181,1,0,1182,34,Nantucket,4,41.3922,-70.0508
4/15/2015,Great Point Nantucket,817,1,0,818,34,Nantucket,4,41.3922,-70.0508
5/13/2015,Great Point Nantucket,599,6,6,611,34,Nantucket,4,41.3922,-70.0508
6/10/2015,Great Point Nantucket,60,0,0,60,34,Nantucket,4,41.3922,-70.0508
7/29/2015,Great Point Nantucket,7,0,0,7,34,Nantucket,4,41.3922,-70.0508
8/26/2015,Great Point Nantucket,0,0,0,0,34,Nantucket,4,41.3922,-70.0508
9/24/2015,Great Point Nantucket,0,0,0,0,34,Nantucket,4,41.3922,-70.0508
10/24/2015,Great Point Nantucket,0,0,0,0,34,Nantucket,4,41.3922,-70.0508
11/7/2015,Great Point Nantucket,329,0,0,329,34,Nantucket,4,41.3922,-70.0508
12/7/2015,Great Point Nantucket,496,0,0,496,34,Nantucket,4,41.3922,-70.0508
1/30/2014,Gull Island,18,146,7,171,4,Cuttyhunk,2,41.44666667,-70.90833333
2/25/2014,Gull Island,9,230,3,242,4,Cuttyhunk,2,41.44666667,-70.90833333
3/28/2014,Gull Island,5,397,1,403,4,Cuttyhunk,2,41.44666667,-70.90833333
4/14/2014,Gull Island,10,312,0,322,4,Cuttyhunk,2,41.44666667,-70.90833333
5/13/2014,Gull Island,1,6,12,19,4,Cuttyhunk,2,41.44666667,-70.90833333
6/11/2014,Gull Island,0,0,0,0,4,Cuttyhunk,2,41.44666667,-70.90833333
7/10/2014,Gull Island,19,0,0,19,4,Cuttyhunk,2,41.44666667,-70.90833333
8/8/2014,Gull Island,0,0,0,0,4,Cuttyhunk,2,41.44666667,-70.90833333
9/5/2014,Gull Island,0,0,1,1,4,Cuttyhunk,2,41.44666667,-70.90833333
10/6/2014,Gull Island,127,0,0,127,4,Cuttyhunk,2,41.44666667,-70.90833333
11/4/2014,Gull Island,6,64,8,78,4,Cuttyhunk,2,41.44666667,-70.90833333
12/2/2014,Gull Island,2,92,2,96,4,Cuttyhunk,2,41.44666667,-70.90833333
2/1/2015,Gull Island,20,71,6,97,4,Cuttyhunk,2,41.44666667,-70.90833333
2/24/2015,Gull Island,0,3,2,5,4,Cuttyhunk,2,41.44666667,-70.90833333
3/24/2015,Gull Island,16,140,1,157,4,Cuttyhunk,2,41.44666667,-70.90833333
4/15/2015,Gull Island,44,55,3,102,4,Cuttyhunk,2,41.44666667,-70.90833333
5/13/2015,Gull Island,33,3,0,36,4,Cuttyhunk,2,41.44666667,-70.90833333
6/10/2015,Gull Island,0,14,0,14,4,Cuttyhunk,2,41.44666667,-70.90833333
7/29/2015,Gull Island,0,0,0,0,4,Cuttyhunk,2,41.44666667,-70.90833333
8/26/2015,Gull Island,0,0,0,0,4,Cuttyhunk,2,41.44666667,-70.90833333
9/24/2015,Gull Island,229,0,4,233,4,Cuttyhunk,2,41.44666667,-70.90833333
10/24/2015,Gull Island,178,32,8,218,4,Cuttyhunk,2,41.44666667,-70.90833333
11/7/2015,Gull Island,167,21,3,191,4,Cuttyhunk,2,41.44666667,-70.90833333
12/7/2015,Gull Island,91,213,10,314,4,Cuttyhunk,2,41.44666667,-70.90833333
1/30/2014,Gurnet Point,0,0,0,0,16,Plymouth,8,42.00333333,-70.60166667
2/25/2014,Gurnet Point,0,0,0,0,16,Plymouth,8,42.00333333,-70.60166667
3/28/2014,Gurnet Point,0,15,1,16,16,Plymouth,8,42.00333333,-70.60166667
4/14/2014,Gurnet Point,0,24,0,24,16,Plymouth,8,42.00333333,-70.60166667
5/13/2014,Gurnet Point,0,0,0,0,16,Plymouth,8,42.00333333,-70.60166667
6/11/2014,Gurnet Point,0,0,0,0,16,Plymouth,8,42.00333333,-70.60166667
7/10/2014,Gurnet Point,0,0,0,0,16,Plymouth,8,42.00333333,-70.60166667
8/8/2014,Gurnet Point,0,0,0,0,16,Plymouth,8,42.00333333,-70.60166667
9/5/2014,Gurnet Point,0,0,0,0,16,Plymouth,8,42.00333333,-70.60166667
10/6/2014,Gurnet Point,0,9,0,9,16,Plymouth,8,42.00333333,-70.60166667
11/4/2014,Gurnet Point,0,0,0,0,16,Plymouth,8,42.00333333,-70.60166667
12/2/2014,Gurnet Point,0,0,0,0,16,Plymouth,8,42.00333333,-70.60166667
2/1/2015,Gurnet Point,0,0,0,0,16,Plymouth,8,42.00333333,-70.60166667
2/24/2015,Gurnet Point,0,0,0,0,16,Plymouth,8,42.00333333,-70.60166667
3/24/2015,Gurnet Point,0,1,0,1,16,Plymouth,8,42.00333333,-70.60166667
4/15/2015,Gurnet Point,0,0,0,0,16,Plymouth,8,42.00333333,-70.60166667
5/13/2015,Gurnet Point,0,0,0,0,16,Plymouth,8,42.00333333,-70.60166667
6/10/2015,Gurnet Point,0,0,0,0,16,Plymouth,8,42.00333333,-70.60166667
7/29/2015,Gurnet Point,0,0,0,0,16,Plymouth,8,42.00333333,-70.60166667
8/26/2015,Gurnet Point,0,0,0,0,16,Plymouth,8,42.00333333,-70.60166667
9/24/2015,Gurnet Point,0,0,0,0,16,Plymouth,8,42.00333333,-70.60166667
10/24/2015,Gurnet Point,0,0,0,0,16,Plymouth,8,42.00333333,-70.60166667
11/7/2015,Gurnet Point,0,1,0,1,16,Plymouth,8,42.00333333,-70.60166667
12/7/2015,Gurnet Point,0,22,0,22,16,Plymouth,8,42.00333333,-70.60166667
1/30/2014,Hadleys Harbor,0,0,0,0,2,Woods Hole,1,41.515,-70.69833333
2/25/2014,Hadleys Harbor,0,0,0,0,2,Woods Hole,1,41.515,-70.69833333
3/28/2014,Hadleys Harbor,0,0,0,0,2,Woods Hole,1,41.515,-70.69833333
4/14/2014,Hadleys Harbor,0,0,0,0,2,Woods Hole,1,41.515,-70.69833333
5/13/2014,Hadleys Harbor,0,0,0,0,2,Woods Hole,1,41.515,-70.69833333
6/11/2014,Hadleys Harbor,0,0,0,0,2,Woods Hole,1,41.515,-70.69833333
7/10/2014,Hadleys Harbor,0,0,0,0,2,Woods Hole,1,41.515,-70.69833333
8/8/2014,Hadleys Harbor,0,0,0,0,2,Woods Hole,1,41.515,-70.69833333
9/5/2014,Hadleys Harbor,0,0,0,0,2,Woods Hole,1,41.515,-70.69833333
10/6/2014,Hadleys Harbor,0,0,0,0,2,Woods Hole,1,41.515,-70.69833333
11/4/2014,Hadleys Harbor,0,0,0,0,2,Woods Hole,1,41.515,-70.69833333
12/2/2014,Hadleys Harbor,0,0,0,0,2,Woods Hole,1,41.515,-70.69833333
2/1/2015,Hadleys Harbor,0,0,0,0,2,Woods Hole,1,41.515,-70.69833333
2/24/2015,Hadleys Harbor,0,0,0,0,2,Woods Hole,1,41.515,-70.69833333
3/24/2015,Hadleys Harbor,0,0,0,0,2,Woods Hole,1,41.515,-70.69833333
4/15/2015,Hadleys Harbor,0,0,0,0,2,Woods Hole,1,41.515,-70.69833333
5/13/2015,Hadleys Harbor,0,0,0,0,2,Woods Hole,1,41.515,-70.69833333
6/10/2015,Hadleys Harbor,0,0,0,0,2,Woods Hole,1,41.515,-70.69833333
7/29/2015,Hadleys Harbor,0,0,0,0,2,Woods Hole,1,41.515,-70.69833333
8/26/2015,Hadleys Harbor,0,0,0,0,2,Woods Hole,1,41.515,-70.69833333
9/24/2015,Hadleys Harbor,0,0,0,0,2,Woods Hole,1,41.515,-70.69833333
10/24/2015,Hadleys Harbor,0,0,0,0,2,Woods Hole,1,41.515,-70.69833333
11/7/2015,Hadleys Harbor,0,0,0,0,2,Woods Hole,1,41.515,-70.69833333
12/7/2015,Hadleys Harbor,0,26,0,26,2,Woods Hole,1,41.515,-70.69833333
1/30/2014,Head of the Meadow,0,0,0,0,32,Seashore,10,42.055744,-70.08435
2/25/2014,Head of the Meadow,0,0,0,0,32,Seashore,10,42.055744,-70.08435
3/28/2014,Head of the Meadow,0,0,0,0,32,Seashore,10,42.055744,-70.08435
4/14/2014,Head of the Meadow,0,0,0,0,32,Seashore,10,42.055744,-70.08435
5/13/2014,Head of the Meadow,0,0,0,0,32,Seashore,10,42.055744,-70.08435
6/11/2014,Head of the Meadow,838,0,1,839,32,Seashore,10,42.055744,-70.08435
7/10/2014,Head of the Meadow,1292,0,0,1292,32,Seashore,10,42.055744,-70.08435
8/8/2014,Head of the Meadow,2082,0,0,2082,32,Seashore,10,42.055744,-70.08435
9/5/2014,Head of the Meadow,1267,0,0,1267,32,Seashore,10,42.055744,-70.08435
10/6/2014,Head of the Meadow,1,0,0,1,32,Seashore,10,42.055744,-70.08435
11/4/2014,Head of the Meadow,304,0,0,304,32,Seashore,10,42.055744,-70.08435
12/2/2014,Head of the Meadow,0,0,0,0,32,Seashore,10,42.055744,-70.08435
2/1/2015,Head of the Meadow,0,0,0,0,32,Seashore,10,42.055744,-70.08435
2/24/2015,Head of the Meadow,0,0,0,0,32,Seashore,10,42.055744,-70.08435
3/24/2015,Head of the Meadow,0,0,0,0,32,Seashore,10,42.055744,-70.08435
4/15/2015,Head of the Meadow,0,0,0,0,32,Seashore,10,42.055744,-70.08435
5/13/2015,Head of the Meadow,0,0,0,0,32,Seashore,10,42.055744,-70.08435
6/10/2015,Head of the Meadow,0,0,0,0,32,Seashore,10,42.055744,-70.08435
7/29/2015,Head of the Meadow,1193,0,0,1193,32,Seashore,10,42.055744,-70.08435
8/26/2015,Head of the Meadow,458,0,0,458,32,Seashore,10,42.055744,-70.08435
9/24/2015,Head of the Meadow,962,0,0,962,32,Seashore,10,42.055744,-70.08435
10/24/2015,Head of the Meadow,309,0,0,309,32,Seashore,10,42.055744,-70.08435
11/7/2015,Head of the Meadow,0,0,0,0,32,Seashore,10,42.055744,-70.08435
12/7/2015,Head of the Meadow,0,0,0,0,32,Seashore,10,42.055744,-70.08435
1/30/2014,Jeremy Point,0,0,0,0,15,Jeremy Point,7,41.87833333,-70.06666667
2/25/2014,Jeremy Point,9,396,8,413,15,Jeremy Point,7,41.87833333,-70.06666667
3/28/2014,Jeremy Point,10,431,3,444,15,Jeremy Point,7,41.87833333,-70.06666667
4/14/2014,Jeremy Point,11,299,6,316,15,Jeremy Point,7,41.87833333,-70.06666667
5/13/2014,Jeremy Point,10,0,7,17,15,Jeremy Point,7,41.87833333,-70.06666667
6/11/2014,Jeremy Point,0,0,0,0,15,Jeremy Point,7,41.87833333,-70.06666667
7/10/2014,Jeremy Point,0,0,0,0,15,Jeremy Point,7,41.87833333,-70.06666667
8/8/2014,Jeremy Point,0,0,0,0,15,Jeremy Point,7,41.87833333,-70.06666667
9/5/2014,Jeremy Point,0,0,0,0,15,Jeremy Point,7,41.87833333,-70.06666667
10/6/2014,Jeremy Point,451,0,0,451,15,Jeremy Point,7,41.87833333,-70.06666667
11/4/2014,Jeremy Point,384,0,11,395,15,Jeremy Point,7,41.87833333,-70.06666667
12/2/2014,Jeremy Point,107,31,4,142,15,Jeremy Point,7,41.87833333,-70.06666667
2/1/2015,Jeremy Point,0,0,2,2,15,Jeremy Point,7,41.87833333,-70.06666667
2/24/2015,Jeremy Point,0,0,0,0,15,Jeremy Point,7,41.87833333,-70.06666667
3/24/2015,Jeremy Point,8,222,0,230,15,Jeremy Point,7,41.87833333,-70.06666667
4/15/2015,Jeremy Point,0,0,0,0,15,Jeremy Point,7,41.87833333,-70.06666667
5/13/2015,Jeremy Point,0,0,0,0,15,Jeremy Point,7,41.87833333,-70.06666667
6/10/2015,Jeremy Point,0,0,0,0,15,Jeremy Point,7,41.87833333,-70.06666667
7/29/2015,Jeremy Point,0,0,0,0,15,Jeremy Point,7,41.87833333,-70.06666667
8/26/2015,Jeremy Point,180,0,0,180,15,Jeremy Point,7,41.87833333,-70.06666667
9/24/2015,Jeremy Point,408,0,0,408,15,Jeremy Point,7,41.87833333,-70.06666667
10/24/2015,Jeremy Point,106,0,0,106,15,Jeremy Point,7,41.87833333,-70.06666667
11/7/2015,Jeremy Point,0,0,0,0,15,Jeremy Point,7,41.87833333,-70.06666667
12/7/2015,Jeremy Point,230,181,1,412,15,Jeremy Point,7,41.87833333,-70.06666667
1/30/2014,Lackeys Bay,0,0,0,0,3,Woods Hole,1,41.50166667,-70.69833333
2/25/2014,Lackeys Bay,0,0,0,0,3,Woods Hole,1,41.50166667,-70.69833333
3/28/2014,Lackeys Bay,0,4,0,4,3,Woods Hole,1,41.50166667,-70.69833333
4/14/2014,Lackeys Bay,0,18,0,18,3,Woods Hole,1,41.50166667,-70.69833333
5/13/2014,Lackeys Bay,0,1,0,1,3,Woods Hole,1,41.50166667,-70.69833333
6/11/2014,Lackeys Bay,0,0,0,0,3,Woods Hole,1,41.50166667,-70.69833333
7/10/2014,Lackeys Bay,0,0,0,0,3,Woods Hole,1,41.50166667,-70.69833333
8/8/2014,Lackeys Bay,0,0,0,0,3,Woods Hole,1,41.50166667,-70.69833333
9/5/2014,Lackeys Bay,0,0,0,0,3,Woods Hole,1,41.50166667,-70.69833333
10/6/2014,Lackeys Bay,0,0,0,0,3,Woods Hole,1,41.50166667,-70.69833333
11/4/2014,Lackeys Bay,4,33,0,37,3,Woods Hole,1,41.50166667,-70.69833333
12/2/2014,Lackeys Bay,0,3,0,3,3,Woods Hole,1,41.50166667,-70.69833333
2/1/2015,Lackeys Bay,0,14,0,14,3,Woods Hole,1,41.50166667,-70.69833333
2/24/2015,Lackeys Bay,0,0,0,0,3,Woods Hole,1,41.50166667,-70.69833333
3/24/2015,Lackeys Bay,0,34,0,34,3,Woods Hole,1,41.50166667,-70.69833333
4/15/2015,Lackeys Bay,0,71,0,71,3,Woods Hole,1,41.50166667,-70.69833333
5/13/2015,Lackeys Bay,0,0,0,0,3,Woods Hole,1,41.50166667,-70.69833333
6/10/2015,Lackeys Bay,1,0,0,1,3,Woods Hole,1,41.50166667,-70.69833333
7/29/2015,Lackeys Bay,0,0,0,0,3,Woods Hole,1,41.50166667,-70.69833333
8/26/2015,Lackeys Bay,0,0,0,0,3,Woods Hole,1,41.50166667,-70.69833333
9/24/2015,Lackeys Bay,0,0,0,0,3,Woods Hole,1,41.50166667,-70.69833333
10/24/2015,Lackeys Bay,0,0,0,0,3,Woods Hole,1,41.50166667,-70.69833333
11/7/2015,Lackeys Bay,0,2,0,2,3,Woods Hole,1,41.50166667,-70.69833333
12/7/2015,Lackeys Bay,0,27,1,28,3,Woods Hole,1,41.50166667,-70.69833333
1/30/2014,Manomet Point,0,136,1,137,18,Plymouth,8,41.92666667,-70.53833333
2/25/2014,Manomet Point,0,162,0,162,18,Plymouth,8,41.92666667,-70.53833333
3/28/2014,Manomet Point,1,112,0,113,18,Plymouth,8,41.92666667,-70.53833333
4/14/2014,Manomet Point,0,254,1,255,18,Plymouth,8,41.92666667,-70.53833333
5/13/2014,Manomet Point,0,0,0,0,18,Plymouth,8,41.92666667,-70.53833333
6/11/2014,Manomet Point,0,0,0,0,18,Plymouth,8,41.92666667,-70.53833333
7/10/2014,Manomet Point,1,0,0,1,18,Plymouth,8,41.92666667,-70.53833333
8/8/2014,Manomet Point,7,0,0,7,18,Plymouth,8,41.92666667,-70.53833333
9/5/2014,Manomet Point,0,0,0,0,18,Plymouth,8,41.92666667,-70.53833333
10/6/2014,Manomet Point,30,36,0,66,18,Plymouth,8,41.92666667,-70.53833333
11/4/2014,Manomet Point,15,112,9,136,18,Plymouth,8,41.92666667,-70.53833333
12/2/2014,Manomet Point,0,9,0,9,18,Plymouth,8,41.92666667,-70.53833333
2/1/2015,Manomet Point,0,116,0,116,18,Plymouth,8,41.92666667,-70.53833333
2/24/2015,Manomet Point,2,31,0,33,18,Plymouth,8,41.92666667,-70.53833333
3/24/2015,Manomet Point,0,91,0,91,18,Plymouth,8,41.92666667,-70.53833333
4/15/2015,Manomet Point,0,0,0,0,18,Plymouth,8,41.92666667,-70.53833333
5/13/2015,Manomet Point,0,0,0,0,18,Plymouth,8,41.92666667,-70.53833333
6/10/2015,Manomet Point,0,0,0,0,18,Plymouth,8,41.92666667,-70.53833333
7/29/2015,Manomet Point,0,0,0,0,18,Plymouth,8,41.92666667,-70.53833333
8/26/2015,Manomet Point,0,0,0,0,18,Plymouth,8,41.92666667,-70.53833333
9/24/2015,Manomet Point,0,7,0,7,18,Plymouth,8,41.92666667,-70.53833333
10/24/2015,Manomet Point,0,47,0,47,18,Plymouth,8,41.92666667,-70.53833333
11/7/2015,Manomet Point,0,186,0,186,18,Plymouth,8,41.92666667,-70.53833333
12/7/2015,Manomet Point,1,177,0,178,18,Plymouth,8,41.92666667,-70.53833333
1/30/2014,Manomet to Ellisville,0,9,0,9,19,Plymouth,8,41.84,-70.53333333
2/25/2014,Manomet to Ellisville,0,0,0,0,19,Plymouth,8,41.84,-70.53333333
3/28/2014,Manomet to Ellisville,0,19,0,19,19,Plymouth,8,41.84,-70.53333333
4/14/2014,Manomet to Ellisville,0,69,1,70,19,Plymouth,8,41.84,-70.53333333
5/13/2014,Manomet to Ellisville,0,0,0,0,19,Plymouth,8,41.84,-70.53333333
6/11/2014,Manomet to Ellisville,0,0,0,0,19,Plymouth,8,41.84,-70.53333333
7/10/2014,Manomet to Ellisville,0,0,0,0,19,Plymouth,8,41.84,-70.53333333
8/8/2014,Manomet to Ellisville,0,0,0,0,19,Plymouth,8,41.84,-70.53333333
9/5/2014,Manomet to Ellisville,0,0,0,0,19,Plymouth,8,41.84,-70.53333333
10/6/2014,Manomet to Ellisville,0,0,0,0,19,Plymouth,8,41.84,-70.53333333
11/4/2014,Manomet to Ellisville,0,30,0,30,19,Plymouth,8,41.84,-70.53333333
12/2/2014,Manomet to Ellisville,0,0,0,0,19,Plymouth,8,41.84,-70.53333333
2/1/2015,Manomet to Ellisville,0,23,0,23,19,Plymouth,8,41.84,-70.53333333
2/24/2015,Manomet to Ellisville,0,0,0,0,19,Plymouth,8,41.84,-70.53333333
3/24/2015,Manomet to Ellisville,0,0,0,0,19,Plymouth,8,41.84,-70.53333333
4/15/2015,Manomet to Ellisville,0,0,0,0,19,Plymouth,8,41.84,-70.53333333
5/13/2015,Manomet to Ellisville,0,0,0,0,19,Plymouth,8,41.84,-70.53333333
6/10/2015,Manomet to Ellisville,0,0,0,0,19,Plymouth,8,41.84,-70.53333333
7/29/2015,Manomet to Ellisville,0,0,0,0,19,Plymouth,8,41.84,-70.53333333
8/26/2015,Manomet to Ellisville,0,0,0,0,19,Plymouth,8,41.84,-70.53333333
9/24/2015,Manomet to Ellisville,0,0,0,0,19,Plymouth,8,41.84,-70.53333333
10/24/2015,Manomet to Ellisville,0,0,0,0,19,Plymouth,8,41.84,-70.53333333
11/7/2015,Manomet to Ellisville,0,0,0,0,19,Plymouth,8,41.84,-70.53333333
12/7/2015,Manomet to Ellisville,0,15,0,15,19,Plymouth,8,41.84,-70.53333333
1/30/2014,Monomoy Island,4863,24,1,4888,11,Monomoy,5,41.545,-70.005
2/25/2014,Monomoy Island,7139,1,0,7140,11,Monomoy,5,41.545,-70.005
3/28/2014,Monomoy Island,15750,1,2,15753,11,Monomoy,5,41.545,-70.005
4/14/2014,Monomoy Island,15084,0,1,15085,11,Monomoy,5,41.545,-70.005
5/13/2014,Monomoy Island,16643,0,6,16649,11,Monomoy,5,41.545,-70.005
6/11/2014,Monomoy Island,7324,0,69,7393,11,Monomoy,5,41.545,-70.005
7/10/2014,Monomoy Island,481,0,0,481,11,Monomoy,5,41.545,-70.005
8/8/2014,Monomoy Island,907,0,0,907,11,Monomoy,5,41.545,-70.005
9/5/2014,Monomoy Island,708,0,0,708,11,Monomoy,5,41.545,-70.005
10/6/2014,Monomoy Island,2407,0,0,2407,11,Monomoy,5,41.545,-70.005
11/4/2014,Monomoy Island,4814,0,0,4814,11,Monomoy,5,41.545,-70.005
12/2/2014,Monomoy Island,1675,0,0,1675,11,Monomoy,5,41.545,-70.005
2/1/2015,Monomoy Island,4437,0,0,4437,11,Monomoy,5,41.545,-70.005
2/24/2015,Monomoy Island,6047,0,2,6049,11,Monomoy,5,41.545,-70.005
3/24/2015,Monomoy Island,16764,1,1,16766,11,Monomoy,5,41.545,-70.005
4/15/2015,Monomoy Island,18098,0,4,18102,11,Monomoy,5,41.545,-70.005
5/13/2015,Monomoy Island,19166,3,4,19173,11,Monomoy,5,41.545,-70.005
6/10/2015,Monomoy Island,8764,1,1,8766,11,Monomoy,5,41.545,-70.005
7/29/2015,Monomoy Island,978,0,0,978,11,Monomoy,5,41.545,-70.005
8/26/2015,Monomoy Island,1206,0,0,1206,11,Monomoy,5,41.545,-70.005
9/24/2015,Monomoy Island,658,0,0,658,11,Monomoy,5,41.545,-70.005
10/24/2015,Monomoy Island,1113,1,0,1114,11,Monomoy,5,41.545,-70.005
11/7/2015,Monomoy Island,2379,5,1,2385,11,Monomoy,5,41.545,-70.005
12/7/2015,Monomoy Island,2078,0,2,2080,11,Monomoy,5,41.545,-70.005
1/30/2014,Muskeget Island,,0,0,0,7,Muskeget,4,41.335,-70.30166667
2/25/2014,Muskeget Island,2,0,0,2,7,Muskeget,4,41.335,-70.30166667
3/28/2014,Muskeget Island,5,0,0,5,7,Muskeget,4,41.335,-70.30166667
4/14/2014,Muskeget Island,1,0,0,1,7,Muskeget,4,41.335,-70.30166667
5/13/2014,Muskeget Island,43,0,0,43,7,Muskeget,4,41.335,-70.30166667
6/11/2014,Muskeget Island,0,0,0,0,7,Muskeget,4,41.335,-70.30166667
7/10/2014,Muskeget Island,0,0,0,0,7,Muskeget,4,41.335,-70.30166667
8/8/2014,Muskeget Island,0,0,0,0,7,Muskeget,4,41.335,-70.30166667
9/5/2014,Muskeget Island,0,0,0,0,7,Muskeget,4,41.335,-70.30166667
10/6/2014,Muskeget Island,0,0,0,0,7,Muskeget,4,41.335,-70.30166667
11/4/2014,Muskeget Island,0,0,0,0,7,Muskeget,4,41.335,-70.30166667
12/2/2014,Muskeget Island,25,0,0,25,7,Muskeget,4,41.335,-70.30166667
2/1/2015,Muskeget Island,,0,0,0,7,Muskeget,4,41.335,-70.30166667
2/24/2015,Muskeget Island,0,0,0,0,7,Muskeget,4,41.335,-70.30166667
3/24/2015,Muskeget Island,0,0,0,0,7,Muskeget,4,41.335,-70.30166667
4/15/2015,Muskeget Island,0,0,0,0,7,Muskeget,4,41.335,-70.30166667
5/13/2015,Muskeget Island,339,0,0,339,7,Muskeget,4,41.335,-70.30166667
6/10/2015,Muskeget Island,0,0,0,0,7,Muskeget,4,41.335,-70.30166667
7/29/2015,Muskeget Island,0,0,0,0,7,Muskeget,4,41.335,-70.30166667
8/26/2015,Muskeget Island,0,0,0,0,7,Muskeget,4,41.335,-70.30166667
9/24/2015,Muskeget Island,0,0,0,0,7,Muskeget,4,41.335,-70.30166667
10/24/2015,Muskeget Island,0,0,0,0,7,Muskeget,4,41.335,-70.30166667
11/7/2015,Muskeget Island,0,0,0,0,7,Muskeget,4,41.335,-70.30166667
12/7/2015,Muskeget Island,9,0,0,9,7,Muskeget,4,41.335,-70.30166667
1/30/2014,Muskeget Shoals,199,0,0,199,28,Muskeget,4,41.32808667,-70.31876306
2/25/2014,Muskeget Shoals,584,0,0,584,28,Muskeget,4,41.32808667,-70.31876306
3/28/2014,Muskeget Shoals,2445,2,0,2447,28,Muskeget,4,41.32808667,-70.31876306
4/14/2014,Muskeget Shoals,2179,0,0,2179,28,Muskeget,4,41.32808667,-70.31876306
5/13/2014,Muskeget Shoals,2127,0,7,2134,28,Muskeget,4,41.32808667,-70.31876306
6/11/2014,Muskeget Shoals,457,0,14,471,28,Muskeget,4,41.32808667,-70.31876306
7/10/2014,Muskeget Shoals,129,0,0,129,28,Muskeget,4,41.32808667,-70.31876306
8/8/2014,Muskeget Shoals,17,0,0,17,28,Muskeget,4,41.32808667,-70.31876306
9/5/2014,Muskeget Shoals,263,0,0,263,28,Muskeget,4,41.32808667,-70.31876306
10/6/2014,Muskeget Shoals,254,0,0,254,28,Muskeget,4,41.32808667,-70.31876306
11/4/2014,Muskeget Shoals,121,0,0,121,28,Muskeget,4,41.32808667,-70.31876306
12/2/2014,Muskeget Shoals,509,0,0,509,28,Muskeget,4,41.32808667,-70.31876306
2/1/2015,Muskeget Shoals,138,0,0,138,28,Muskeget,4,41.32808667,-70.31876306
2/24/2015,Muskeget Shoals,161,1,0,162,28,Muskeget,4,41.32808667,-70.31876306
3/24/2015,Muskeget Shoals,1771,0,0,1771,28,Muskeget,4,41.32808667,-70.31876306
4/15/2015,Muskeget Shoals,1081,1,0,1082,28,Muskeget,4,41.32808667,-70.31876306
5/13/2015,Muskeget Shoals,1614,0,14,1628,28,Muskeget,4,41.32808667,-70.31876306
6/10/2015,Muskeget Shoals,233,16,21,270,28,Muskeget,4,41.32808667,-70.31876306
7/29/2015,Muskeget Shoals,30,0,0,30,28,Muskeget,4,41.32808667,-70.31876306
8/26/2015,Muskeget Shoals,222,0,0,222,28,Muskeget,4,41.32808667,-70.31876306
9/24/2015,Muskeget Shoals,290,0,0,290,28,Muskeget,4,41.32808667,-70.31876306
10/24/2015,Muskeget Shoals,502,0,6,508,28,Muskeget,4,41.32808667,-70.31876306
11/7/2015,Muskeget Shoals,91,0,0,91,28,Muskeget,4,41.32808667,-70.31876306
12/7/2015,Muskeget Shoals,457,0,0,457,28,Muskeget,4,41.32808667,-70.31876306
1/30/2014,Nantucket Harbor Jetties - East,0,0,0,0,30,Nantucket,4,41.302978,-70.0996846
2/25/2014,Nantucket Harbor Jetties - East,0,67,0,67,30,Nantucket,4,41.302978,-70.0996846
3/28/2014,Nantucket Harbor Jetties - East,0,0,0,0,30,Nantucket,4,41.302978,-70.0996846
4/14/2014,Nantucket Harbor Jetties - East,0,50,0,50,30,Nantucket,4,41.302978,-70.0996846
5/13/2014,Nantucket Harbor Jetties - East,0,5,0,5,30,Nantucket,4,41.302978,-70.0996846
6/11/2014,Nantucket Harbor Jetties - East,0,0,0,0,30,Nantucket,4,41.302978,-70.0996846
7/10/2014,Nantucket Harbor Jetties - East,0,0,0,0,30,Nantucket,4,41.302978,-70.0996846
8/8/2014,Nantucket Harbor Jetties - East,0,0,0,0,30,Nantucket,4,41.302978,-70.0996846
9/5/2014,Nantucket Harbor Jetties - East,0,0,0,0,30,Nantucket,4,41.302978,-70.0996846
10/6/2014,Nantucket Harbor Jetties - East,0,0,0,0,30,Nantucket,4,41.302978,-70.0996846
11/4/2014,Nantucket Harbor Jetties - East,0,50,0,50,30,Nantucket,4,41.302978,-70.0996846
12/2/2014,Nantucket Harbor Jetties - East,0,6,0,6,30,Nantucket,4,41.302978,-70.0996846
2/1/2015,Nantucket Harbor Jetties - East,0,8,0,8,30,Nantucket,4,41.302978,-70.0996846
2/24/2015,Nantucket Harbor Jetties - East,0,0,0,0,30,Nantucket,4,41.302978,-70.0996846
3/24/2015,Nantucket Harbor Jetties - East,0,85,0,85,30,Nantucket,4,41.302978,-70.0996846
4/15/2015,Nantucket Harbor Jetties - East,0,0,0,0,30,Nantucket,4,41.302978,-70.0996846
5/13/2015,Nantucket Harbor Jetties - East,0,0,0,0,30,Nantucket,4,41.302978,-70.0996846
6/10/2015,Nantucket Harbor Jetties - East,0,0,0,0,30,Nantucket,4,41.302978,-70.0996846
7/29/2015,Nantucket Harbor Jetties - East,0,0,0,0,30,Nantucket,4,41.302978,-70.0996846
8/26/2015,Nantucket Harbor Jetties - East,0,0,0,0,30,Nantucket,4,41.302978,-70.0996846
9/24/2015,Nantucket Harbor Jetties - East,0,0,0,0,30,Nantucket,4,41.302978,-70.0996846
10/24/2015,Nantucket Harbor Jetties - East,0,4,0,4,30,Nantucket,4,41.302978,-70.0996846
11/7/2015,Nantucket Harbor Jetties - East,0,115,0,115,30,Nantucket,4,41.302978,-70.0996846
12/7/2015,Nantucket Harbor Jetties - East,0,244,0,244,30,Nantucket,4,41.302978,-70.0996846
1/30/2014,Nantucket Harbor Jetties - West,0,0,2,2,29,Nantucket,4,41.303295,-70.102733
2/25/2014,Nantucket Harbor Jetties - West,0,0,0,0,29,Nantucket,4,41.303295,-70.102733
3/28/2014,Nantucket Harbor Jetties - West,0,45,0,45,29,Nantucket,4,41.303295,-70.102733
4/14/2014,Nantucket Harbor Jetties - West,0,0,0,0,29,Nantucket,4,41.303295,-70.102733
5/13/2014,Nantucket Harbor Jetties - West,0,0,0,0,29,Nantucket,4,41.303295,-70.102733
6/11/2014,Nantucket Harbor Jetties - West,0,0,0,0,29,Nantucket,4,41.303295,-70.102733
7/10/2014,Nantucket Harbor Jetties - West,0,0,0,0,29,Nantucket,4,41.303295,-70.102733
8/8/2014,Nantucket Harbor Jetties - West,0,0,0,0,29,Nantucket,4,41.303295,-70.102733
9/5/2014,Nantucket Harbor Jetties - West,0,0,0,0,29,Nantucket,4,41.303295,-70.102733
10/6/2014,Nantucket Harbor Jetties - West,0,0,0,0,29,Nantucket,4,41.303295,-70.102733
11/4/2014,Nantucket Harbor Jetties - West,0,0,0,0,29,Nantucket,4,41.303295,-70.102733
12/2/2014,Nantucket Harbor Jetties - West,0,0,0,0,29,Nantucket,4,41.303295,-70.102733
2/1/2015,Nantucket Harbor Jetties - West,0,0,0,0,29,Nantucket,4,41.303295,-70.102733
2/24/2015,Nantucket Harbor Jetties - West,0,0,0,0,29,Nantucket,4,41.303295,-70.102733
3/24/2015,Nantucket Harbor Jetties - West,0,0,0,0,29,Nantucket,4,41.303295,-70.102733
4/15/2015,Nantucket Harbor Jetties - West,0,0,0,0,29,Nantucket,4,41.303295,-70.102733
5/13/2015,Nantucket Harbor Jetties - West,0,0,0,0,29,Nantucket,4,41.303295,-70.102733
6/10/2015,Nantucket Harbor Jetties - West,0,0,0,0,29,Nantucket,4,41.303295,-70.102733
7/29/2015,Nantucket Harbor Jetties - West,0,0,0,0,29,Nantucket,4,41.303295,-70.102733
8/26/2015,Nantucket Harbor Jetties - West,0,0,0,0,29,Nantucket,4,41.303295,-70.102733
9/24/2015,Nantucket Harbor Jetties - West,0,0,0,0,29,Nantucket,4,41.303295,-70.102733
10/24/2015,Nantucket Harbor Jetties - West,0,0,0,0,29,Nantucket,4,41.303295,-70.102733
11/7/2015,Nantucket Harbor Jetties - West,0,0,0,0,29,Nantucket,4,41.303295,-70.102733
12/7/2015,Nantucket Harbor Jetties - West,0,8,0,8,29,Nantucket,4,41.303295,-70.102733
1/30/2014,Nauset Marsh,0,0,0,0,35,Seashore,10,41.832,-69.9532
2/25/2014,Nauset Marsh,0,0,0,0,35,Seashore,10,41.832,-69.9532
3/28/2014,Nauset Marsh,0,0,0,0,35,Seashore,10,41.832,-69.9532
4/14/2014,Nauset Marsh,0,0,0,0,35,Seashore,10,41.832,-69.9532
5/13/2014,Nauset Marsh,0,0,0,0,35,Seashore,10,41.832,-69.9532
6/11/2014,Nauset Marsh,0,0,0,0,35,Seashore,10,41.832,-69.9532
7/10/2014,Nauset Marsh,0,0,0,0,35,Seashore,10,41.832,-69.9532
8/8/2014,Nauset Marsh,0,0,0,0,35,Seashore,10,41.832,-69.9532
9/5/2014,Nauset Marsh,800,0,0,800,35,Seashore,10,41.832,-69.9532
10/6/2014,Nauset Marsh,1459,0,0,1459,35,Seashore,10,41.832,-69.9532
11/4/2014,Nauset Marsh,0,0,0,0,35,Seashore,10,41.832,-69.9532
12/2/2014,Nauset Marsh,0,0,0,0,35,Seashore,10,41.832,-69.9532
2/1/2015,Nauset Marsh,0,0,0,0,35,Seashore,10,41.832,-69.9532
2/24/2015,Nauset Marsh,0,0,0,0,35,Seashore,10,41.832,-69.9532
3/24/2015,Nauset Marsh,0,0,0,0,35,Seashore,10,41.832,-69.9532
4/15/2015,Nauset Marsh,0,0,0,0,35,Seashore,10,41.832,-69.9532
5/13/2015,Nauset Marsh,0,0,0,0,35,Seashore,10,41.832,-69.9532
6/10/2015,Nauset Marsh,0,0,0,0,35,Seashore,10,41.832,-69.9532
7/29/2015,Nauset Marsh,1119,0,0,1119,35,Seashore,10,41.832,-69.9532
8/26/2015,Nauset Marsh,816,0,0,816,35,Seashore,10,41.832,-69.9532
9/24/2015,Nauset Marsh,1559,0,14,1573,35,Seashore,10,41.832,-69.9532
10/24/2015,Nauset Marsh,0,0,0,0,35,Seashore,10,41.832,-69.9532
11/7/2015,Nauset Marsh,0,0,0,0,35,Seashore,10,41.832,-69.9532
12/7/2015,Nauset Marsh,0,0,0,0,35,Seashore,10,41.832,-69.9532
1/30/2014,Nomans Island,548,171,0,719,6,Nomans,3,41.26333333,-70.81166667
2/25/2014,Nomans Island,342,21,3,366,6,Nomans,3,41.26333333,-70.81166667
3/28/2014,Nomans Island,975,251,11,1237,6,Nomans,3,41.26333333,-70.81166667
4/14/2014,Nomans Island,827,86,0,913,6,Nomans,3,41.26333333,-70.81166667
5/13/2014,Nomans Island,458,16,2,476,6,Nomans,3,41.26333333,-70.81166667
6/11/2014,Nomans Island,23,0,4,27,6,Nomans,3,41.26333333,-70.81166667
7/10/2014,Nomans Island,3,0,0,3,6,Nomans,3,41.26333333,-70.81166667
8/8/2014,Nomans Island,0,0,0,0,6,Nomans,3,41.26333333,-70.81166667
9/5/2014,Nomans Island,0,0,0,0,6,Nomans,3,41.26333333,-70.81166667
10/6/2014,Nomans Island,9,2,1,12,6,Nomans,3,41.26333333,-70.81166667
11/4/2014,Nomans Island,326,9,0,335,6,Nomans,3,41.26333333,-70.81166667
12/2/2014,Nomans Island,159,0,5,164,6,Nomans,3,41.26333333,-70.81166667
2/1/2015,Nomans Island,495,24,0,519,6,Nomans,3,41.26333333,-70.81166667
2/24/2015,Nomans Island,628,0,4,632,6,Nomans,3,41.26333333,-70.81166667
3/24/2015,Nomans Island,878,18,3,899,6,Nomans,3,41.26333333,-70.81166667
4/15/2015,Nomans Island,702,5,1,708,6,Nomans,3,41.26333333,-70.81166667
5/13/2015,Nomans Island,143,5,2,150,6,Nomans,3,41.26333333,-70.81166667
6/10/2015,Nomans Island,0,0,0,0,6,Nomans,3,41.26333333,-70.81166667
7/29/2015,Nomans Island,0,0,0,0,6,Nomans,3,41.26333333,-70.81166667
8/26/2015,Nomans Island,18,0,0,18,6,Nomans,3,41.26333333,-70.81166667
9/24/2015,Nomans Island,0,0,0,0,6,Nomans,3,41.26333333,-70.81166667
10/24/2015,Nomans Island,238,16,3,257,6,Nomans,3,41.26333333,-70.81166667
11/7/2015,Nomans Island,136,23,2,161,6,Nomans,3,41.26333333,-70.81166667
12/7/2015,Nomans Island,591,173,12,776,6,Nomans,3,41.26333333,-70.81166667
1/30/2014,South Beach,0,0,0,0,12,Chatham,5,41.61,-69.98166667
2/25/2014,South Beach,0,0,0,0,12,Chatham,5,41.61,-69.98166667
3/28/2014,South Beach,0,0,0,0,12,Chatham,5,41.61,-69.98166667
4/14/2014,South Beach,0,0,0,0,12,Chatham,5,41.61,-69.98166667
5/13/2014,South Beach,0,0,0,0,12,Chatham,5,41.61,-69.98166667
6/11/2014,South Beach,889,0,8,897,12,Chatham,5,41.61,-69.98166667
7/10/2014,South Beach,0,0,0,0,12,Chatham,5,41.61,-69.98166667
8/8/2014,South Beach,0,0,0,0,12,Chatham,5,41.61,-69.98166667
9/5/2014,South Beach,0,0,0,0,12,Chatham,5,41.61,-69.98166667
10/6/2014,South Beach,0,0,0,0,12,Chatham,5,41.61,-69.98166667
11/4/2014,South Beach,0,0,0,0,12,Chatham,5,41.61,-69.98166667
12/2/2014,South Beach,0,0,0,0,12,Chatham,5,41.61,-69.98166667
2/1/2015,South Beach,0,0,0,0,12,Chatham,5,41.61,-69.98166667
2/24/2015,South Beach,0,0,0,0,12,Chatham,5,41.61,-69.98166667
3/24/2015,South Beach,0,0,0,0,12,Chatham,5,41.61,-69.98166667
4/15/2015,South Beach,0,0,0,0,12,Chatham,5,41.61,-69.98166667
5/13/2015,South Beach,0,0,0,0,12,Chatham,5,41.61,-69.98166667
6/10/2015,South Beach,27,0,0,27,12,Chatham,5,41.61,-69.98166667
6/10/2015,South Beach,0,0,0,0,12,Chatham,5,41.61,-69.98166667
7/29/2015,South Beach,129,0,0,129,12,Chatham,5,41.61,-69.98166667
8/26/2015,South Beach,0,0,0,0,12,Chatham,5,41.61,-69.98166667
9/24/2015,South Beach,1290,0,0,1290,12,Chatham,5,41.61,-69.98166667
10/24/2015,South Beach,1637,0,0,1637,12,Chatham,5,41.61,-69.98166667
11/7/2015,South Beach,2676,2,2,2680,12,Chatham,5,41.61,-69.98166667
12/7/2015,South Beach,0,0,0,0,12,Chatham,5,41.61,-69.98166667
1/30/2014,Tuckernuck Island,3,0,0,3,8,Muskeget,4,41.3,-70.25666667
2/25/2014,Tuckernuck Island,0,0,0,0,8,Muskeget,4,41.3,-70.25666667
3/28/2014,Tuckernuck Island,0,0,0,0,8,Muskeget,4,41.3,-70.25666667
4/14/2014,Tuckernuck Island,8,0,0,8,8,Muskeget,4,41.3,-70.25666667
5/13/2014,Tuckernuck Island,834,58,5,897,8,Muskeget,4,41.3,-70.25666667
6/11/2014,Tuckernuck Island,43,0,23,66,8,Muskeget,4,41.3,-70.25666667
7/10/2014,Tuckernuck Island,0,0,0,0,8,Muskeget,4,41.3,-70.25666667
8/8/2014,Tuckernuck Island,0,0,0,0,8,Muskeget,4,41.3,-70.25666667
9/5/2014,Tuckernuck Island,0,0,0,0,8,Muskeget,4,41.3,-70.25666667
10/6/2014,Tuckernuck Island,0,0,0,0,8,Muskeget,4,41.3,-70.25666667
11/4/2014,Tuckernuck Island,0,0,0,0,8,Muskeget,4,41.3,-70.25666667
12/2/2014,Tuckernuck Island,0,0,0,0,8,Muskeget,4,41.3,-70.25666667
2/1/2015,Tuckernuck Island,0,0,0,0,8,Muskeget,4,41.3,-70.25666667
2/24/2015,Tuckernuck Island,0,0,0,0,8,Muskeget,4,41.3,-70.25666667
3/24/2015,Tuckernuck Island,0,0,0,0,8,Muskeget,4,41.3,-70.25666667
4/15/2015,Tuckernuck Island,0,0,0,0,8,Muskeget,4,41.3,-70.25666667
5/13/2015,Tuckernuck Island,0,0,0,0,8,Muskeget,4,41.3,-70.25666667
6/10/2015,Tuckernuck Island,0,0,0,0,8,Muskeget,4,41.3,-70.25666667
7/29/2015,Tuckernuck Island,0,0,0,0,8,Muskeget,4,41.3,-70.25666667
8/26/2015,Tuckernuck Island,0,0,0,0,8,Muskeget,4,41.3,-70.25666667
9/24/2015,Tuckernuck Island,0,0,0,0,8,Muskeget,4,41.3,-70.25666667
10/24/2015,Tuckernuck Island,0,0,0,0,8,Muskeget,4,41.3,-70.25666667
11/7/2015,Tuckernuck Island,658,1,4,663,8,Muskeget,4,41.3,-70.25666667
12/7/2015,Tuckernuck Island,908,0,0,908,8,Muskeget,4,41.3,-70.25666667
1/30/2014,Tuckernuck Shoals,0,0,0,0,9,Muskeget,4,41.3,-70.22166667
2/25/2014,Tuckernuck Shoals,0,101,0,101,9,Muskeget,4,41.3,-70.22166667
3/28/2014,Tuckernuck Shoals,0,39,0,39,9,Muskeget,4,41.3,-70.22166667
4/14/2014,Tuckernuck Shoals,0,51,0,51,9,Muskeget,4,41.3,-70.22166667
5/13/2014,Tuckernuck Shoals,0,0,0,0,9,Muskeget,4,41.3,-70.22166667
6/11/2014,Tuckernuck Shoals,111,0,3,114,9,Muskeget,4,41.3,-70.22166667
7/10/2014,Tuckernuck Shoals,71,0,0,71,9,Muskeget,4,41.3,-70.22166667
8/8/2014,Tuckernuck Shoals,0,0,0,0,9,Muskeget,4,41.3,-70.22166667
9/5/2014,Tuckernuck Shoals,431,0,0,431,9,Muskeget,4,41.3,-70.22166667
10/6/2014,Tuckernuck Shoals,0,0,0,0,9,Muskeget,4,41.3,-70.22166667
11/4/2014,Tuckernuck Shoals,7,68,3,78,9,Muskeget,4,41.3,-70.22166667
12/2/2014,Tuckernuck Shoals,1,143,0,144,9,Muskeget,4,41.3,-70.22166667
2/1/2015,Tuckernuck Shoals,0,0,0,0,9,Muskeget,4,41.3,-70.22166667
2/24/2015,Tuckernuck Shoals,0,0,0,0,9,Muskeget,4,41.3,-70.22166667
3/24/2015,Tuckernuck Shoals,0,79,0,79,9,Muskeget,4,41.3,-70.22166667
4/15/2015,Tuckernuck Shoals,0,0,0,0,9,Muskeget,4,41.3,-70.22166667
5/13/2015,Tuckernuck Shoals,1683,31,11,1725,9,Muskeget,4,41.3,-70.22166667
6/10/2015,Tuckernuck Shoals,394,1,0,395,9,Muskeget,4,41.3,-70.22166667
7/29/2015,Tuckernuck Shoals,774,0,0,774,9,Muskeget,4,41.3,-70.22166667
8/26/2015,Tuckernuck Shoals,790,0,0,790,9,Muskeget,4,41.3,-70.22166667
9/24/2015,Tuckernuck Shoals,557,0,0,557,9,Muskeget,4,41.3,-70.22166667
10/24/2015,Tuckernuck Shoals,227,0,0,227,9,Muskeget,4,41.3,-70.22166667
11/7/2015,Tuckernuck Shoals,49,144,10,203,9,Muskeget,4,41.3,-70.22166667
12/7/2015,Tuckernuck Shoals,64,248,2,314,9,Muskeget,4,41.3,-70.22166667
